target,family,eps0,lam,c_o,F,p_bar_low,p_bar_high,finding,within_stated_assumptions,diagnosis_hint
P2/H2 single-threshold participation,linear,,0.7,2.0,0.5,2.0532820951597768,33.28005123817382,"COUNTEREXAMPLE: linear demand is log-concave (H2 sufficient condition holds) and A1-A4 hold, but Pi_O < 0 for p > p_bar_high (demand vanishes near the choke price); the biconditional in P2 fails on [c_g, inf)",True,"proposition-domain issue: restrict P2 to p in [c_g, p_O_max] (or below the choke price), or restate participation as an interval"
P2/H2 single-threshold participation,ces,1.1,0.3,1.5,0.5084181906458585,2.3993611017157406,43808.869780692025,"participation set is bounded interval [p_bar_low, p_bar_high]; 1[p>=p_bar] form fails above p_bar_high",False,missing curvature condition: H2 requires log-concave demand; CES is log-convex
P2/H2 single-threshold participation,ces,1.1,0.3,2.0,0.4940002936468861,3.1991481356209874,58411.826374255965,"participation set is bounded interval [p_bar_low, p_bar_high]; 1[p>=p_bar] form fails above p_bar_high",False,missing curvature condition: H2 requires log-concave demand; CES is log-convex
P2/H2 single-threshold participation,ces,1.1,0.3,3.0,0.4743709453700361,4.798722203431481,87617.739561384,"participation set is bounded interval [p_bar_low, p_bar_high]; 1[p>=p_bar] form fails above p_bar_high",False,missing curvature condition: H2 requires log-concave demand; CES is log-convex
P2/H2 single-threshold participation,ces,1.1,0.5,1.5,0.7361425478674017,2.3993611017157406,43808.86978069195,"participation set is bounded interval [p_bar_low, p_bar_high]; 1[p>=p_bar] form fails above p_bar_high",False,missing curvature condition: H2 requires log-concave demand; CES is log-convex
P2/H2 single-threshold participation,ces,1.1,0.5,2.0,0.7152667656334292,3.1991481356209874,58411.826374255914,"participation set is bounded interval [p_bar_low, p_bar_high]; 1[p>=p_bar] form fails above p_bar_high",False,missing curvature condition: H2 requires log-concave demand; CES is log-convex
P2/H2 single-threshold participation,ces,1.1,0.5,3.0,0.6868452836342492,4.798722203431481,87617.73956138385,"participation set is bounded interval [p_bar_low, p_bar_high]; 1[p>=p_bar] form fails above p_bar_high",False,missing curvature condition: H2 requires log-concave demand; CES is log-convex
P2/H2 single-threshold participation,ces,1.1,0.7,1.5,1.2912060270387657,2.3993611017157406,43808.869780691915,"participation set is bounded interval [p_bar_low, p_bar_high]; 1[p>=p_bar] form fails above p_bar_high",False,missing curvature condition: H2 requires log-concave demand; CES is log-convex
P2/H2 single-threshold participation,ces,1.1,0.7,2.0,1.254589564754739,3.199148135620988,58411.82637425579,"participation set is bounded interval [p_bar_low, p_bar_high]; 1[p>=p_bar] form fails above p_bar_high",False,missing curvature condition: H2 requires log-concave demand; CES is log-convex
P2/H2 single-threshold participation,ces,1.1,0.7,3.0,1.2047378220983351,4.798722203431481,87617.739561384,"participation set is bounded interval [p_bar_low, p_bar_high]; 1[p>=p_bar] form fails above p_bar_high",False,missing curvature condition: H2 requires log-concave demand; CES is log-convex
P2/H2 single-threshold participation,ces,1.2000000000000002,0.3,1.5,0.41192922840874974,2.1864976991621243,709.0883277436975,"participation set is bounded interval [p_bar_low, p_bar_high]; 1[p>=p_bar] form fails above p_bar_high",False,missing curvature condition: H2 requires log-concave demand; CES is log-convex
P2/H2 single-threshold participation,ces,1.2000000000000002,0.3,2.0,0.38889724007804577,2.9153302655494993,945.451103658262,"participation set is bounded interval [p_bar_low, p_bar_high]; 1[p>=p_bar] form fails above p_bar_high",False,missing curvature condition: H2 requires log-concave demand; CES is log-convex
P2/H2 single-threshold participation,ces,1.2000000000000002,0.3,3.0,0.3586052218293749,4.3729953983242495,1418.1766554873932,"participation set is bounded interval [p_bar_low, p_bar_high]; 1[p>=p_bar] form fails above p_bar_high",False,missing curvature condition: H2 requires log-concave demand; CES is log-convex
P2/H2 single-threshold participation,ces,1.2000000000000002,0.5,1.5,0.6168452874785888,2.1864976991621243,709.0883277436966,"participation set is bounded interval [p_bar_low, p_bar_high]; 1[p>=p_bar] form fails above p_bar_high",False,missing curvature condition: H2 requires log-concave demand; CES is log-convex
P2/H2 single-threshold participation,ces,1.2000000000000002,0.5,2.0,0.5823559323096492,2.9153302655494993,945.4511036582621,"participation set is bounded interval [p_bar_low, p_bar_high]; 1[p>=p_bar] form fails above p_bar_high",False,missing curvature condition: H2 requires log-concave demand; CES is log-convex
P2/H2 single-threshold participation,ces,1.2000000000000002,0.5,3.0,0.536995012481045,4.372995398324249,1418.176655487393,"participation set is bounded interval [p_bar_low, p_bar_high]; 1[p>=p_bar] form fails above p_bar_high",False,missing curvature condition: H2 requires log-concave demand; CES is log-convex
P2/H2 single-threshold participation,ces,1.2000000000000002,0.7,1.5,1.1386617990043344,2.1864976991621243,709.0883277436966,"participation set is bounded interval [p_bar_low, p_bar_high]; 1[p>=p_bar] form fails above p_bar_high",False,missing curvature condition: H2 requires log-concave demand; CES is log-convex
P2/H2 single-threshold participation,ces,1.2000000000000002,0.7,2.0,1.074996384028578,2.9153302655494993,945.451103658262,"participation set is bounded interval [p_bar_low, p_bar_high]; 1[p>=p_bar] form fails above p_bar_high",False,missing curvature condition: H2 requires log-concave demand; CES is log-convex
P2/H2 single-threshold participation,ces,1.2000000000000002,0.7,3.0,0.9912626705270011,4.372995398324249,1418.1766554873948,"participation set is bounded interval [p_bar_low, p_bar_high]; 1[p>=p_bar] form fails above p_bar_high",False,missing curvature condition: H2 requires log-concave demand; CES is log-convex
P2/H2 single-threshold participation,ces,1.3,0.3,1.5,0.3487588147219587,2.061983142771524,151.98454317907593,"participation set is bounded interval [p_bar_low, p_bar_high]; 1[p>=p_bar] form fails above p_bar_high",False,missing curvature condition: H2 requires log-concave demand; CES is log-convex
P2/H2 single-threshold participation,ces,1.3,0.3,2.0,0.3199216065560484,2.7493108570279547,202.64605757210106,"participation set is bounded interval [p_bar_low, p_bar_high]; 1[p>=p_bar] form fails above p_bar_high",False,missing curvature condition: H2 requires log-concave demand; CES is log-convex
P2/H2 single-threshold participation,ces,1.3,0.3,3.0,0.28328018300827135,4.123966285543048,303.9690863581517,"participation set is bounded interval [p_bar_low, p_bar_high]; 1[p>=p_bar] form fails above p_bar_high",False,missing curvature condition: H2 requires log-concave demand; CES is log-convex
P2/H2 single-threshold participation,ces,1.3,0.5,1.5,0.5401217167845783,2.061983142771524,151.98454317907587,"participation set is bounded interval [p_bar_low, p_bar_high]; 1[p>=p_bar] form fails above p_bar_high",False,missing curvature condition: H2 requires log-concave demand; CES is log-convex
P2/H2 single-threshold participation,ces,1.3,0.5,2.0,0.49546162010927836,2.749310857027955,202.646057572101,"participation set is bounded interval [p_bar_low, p_bar_high]; 1[p>=p_bar] form fails above p_bar_high",False,missing curvature condition: H2 requires log-concave demand; CES is log-convex
P2/H2 single-threshold participation,ces,1.3,0.5,3.0,0.4387151587823177,4.123966285543047,303.9690863581518,"participation set is bounded interval [p_bar_low, p_bar_high]; 1[p>=p_bar] form fails above p_bar_high",False,missing curvature condition: H2 requires log-concave demand; CES is log-convex
P2/H2 single-threshold participation,ces,1.3,0.7,1.5,1.0492887435310154,2.061983142771524,151.98454317907573,"participation set is bounded interval [p_bar_low, p_bar_high]; 1[p>=p_bar] form fails above p_bar_high",False,missing curvature condition: H2 requires log-concave demand; CES is log-convex
P2/H2 single-threshold participation,ces,1.3,0.7,2.0,0.9625280463211873,2.7493108570279547,202.64605757210106,"participation set is bounded interval [p_bar_low, p_bar_high]; 1[p>=p_bar] form fails above p_bar_high",False,missing curvature condition: H2 requires log-concave demand; CES is log-convex
P2/H2 single-threshold participation,ces,1.3,0.7,3.0,0.8522872964026906,4.123966285543048,303.96908635815157,"participation set is bounded interval [p_bar_low, p_bar_high]; 1[p>=p_bar] form fails above p_bar_high",False,missing curvature condition: H2 requires log-concave demand; CES is log-convex
P2/H2 single-threshold participation,ces,1.4000000000000001,0.3,1.5,0.3031384260012551,1.9781117201355312,64.96691463466911,"participation set is bounded interval [p_bar_low, p_bar_high]; 1[p>=p_bar] form fails above p_bar_high",False,missing curvature condition: H2 requires log-concave demand; CES is log-convex
P2/H2 single-threshold participation,ces,1.4000000000000001,0.3,2.0,0.2701876516468914,2.6374822935140405,86.62255284622547,"participation set is bounded interval [p_bar_low, p_bar_high]; 1[p>=p_bar] form fails above p_bar_high",False,missing curvature condition: H2 requires log-concave demand; CES is log-convex
P2/H2 single-threshold participation,ces,1.4000000000000001,0.3,3.0,0.22973596711799438,3.956223440271061,129.93382926933825,"participation set is bounded interval [p_bar_low, p_bar_high]; 1[p>=p_bar] form fails above p_bar_high",False,missing curvature condition: H2 requires log-concave demand; CES is log-convex
P2/H2 single-threshold participation,ces,1.4000000000000001,0.5,1.5,0.4855346640984071,1.9781117201355312,64.96691463466914,"participation set is bounded interval [p_bar_low, p_bar_high]; 1[p>=p_bar] form fails above p_bar_high",False,missing curvature condition: H2 requires log-concave demand; CES is log-convex
P2/H2 single-threshold participation,ces,1.4000000000000001,0.5,2.0,0.43275764282475915,2.6374822935140405,86.62255284622547,"participation set is bounded interval [p_bar_low, p_bar_high]; 1[p>=p_bar] form fails above p_bar_high",False,missing curvature condition: H2 requires log-concave demand; CES is log-convex
P2/H2 single-threshold participation,ces,1.4000000000000001,0.5,3.0,0.3679664669945085,3.9562234402710614,129.93382926933825,"participation set is bounded interval [p_bar_low, p_bar_high]; 1[p>=p_bar] form fails above p_bar_high",False,missing curvature condition: H2 requires log-concave demand; CES is log-convex
P2/H2 single-threshold participation,ces,1.4000000000000001,0.7,1.5,0.9926782140678344,1.9781117201355312,64.96691463466915,"participation set is bounded interval [p_bar_low, p_bar_high]; 1[p>=p_bar] form fails above p_bar_high",False,missing curvature condition: H2 requires log-concave demand; CES is log-convex
P2/H2 single-threshold participation,ces,1.4000000000000001,0.7,2.0,0.8847753121833121,2.6374822935140405,86.62255284622549,"participation set is bounded interval [p_bar_low, p_bar_high]; 1[p>=p_bar] form fails above p_bar_high",False,missing curvature condition: H2 requires log-concave demand; CES is log-convex
P2/H2 single-threshold participation,ces,1.4000000000000001,0.7,3.0,0.7523094071382859,3.956223440271061,129.9338292693382,"participation set is bounded interval [p_bar_low, p_bar_high]; 1[p>=p_bar] form fails above p_bar_high",False,missing curvature condition: H2 requires log-concave demand; CES is log-convex
P2/H2 single-threshold participation,ces,1.5,0.3,1.5,0.2683029380090529,1.9170992149220782,37.30886716221715,"participation set is bounded interval [p_bar_low, p_bar_high]; 1[p>=p_bar] form fails above p_bar_high",False,missing curvature condition: H2 requires log-concave demand; CES is log-convex
P2/H2 single-threshold participation,ces,1.5,0.3,2.0,0.2323571602258413,2.556132286562771,49.74515621628951,"participation set is bounded interval [p_bar_low, p_bar_high]; 1[p>=p_bar] form fails above p_bar_high",False,missing curvature condition: H2 requires log-concave demand; CES is log-convex
P2/H2 single-threshold participation,ces,1.5,0.3,3.0,0.1897188268784752,3.8341984298441565,74.6177343244343,"participation set is bounded interval [p_bar_low, p_bar_high]; 1[p>=p_bar] form fails above p_bar_high",False,missing curvature condition: H2 requires log-concave demand; CES is log-convex
P2/H2 single-threshold participation,ces,1.5,0.5,1.5,0.4444444444444444,1.9170992149220782,37.308867162217155,"participation set is bounded interval [p_bar_low, p_bar_high]; 1[p>=p_bar] form fails above p_bar_high",False,missing curvature condition: H2 requires log-concave demand; CES is log-convex
P2/H2 single-threshold participation,ces,1.5,0.5,2.0,0.3849001794597505,2.556132286562771,49.74515621628953,"participation set is bounded interval [p_bar_low, p_bar_high]; 1[p>=p_bar] form fails above p_bar_high",False,missing curvature condition: H2 requires log-concave demand; CES is log-convex
P2/H2 single-threshold participation,ces,1.5,0.5,3.0,0.31426968052735443,3.8341984298441565,74.61773432443432,"participation set is bounded interval [p_bar_low, p_bar_high]; 1[p>=p_bar] form fails above p_bar_high",False,missing curvature condition: H2 requires log-concave demand; CES is log-convex
P2/H2 single-threshold participation,ces,1.5,0.7,1.5,0.9562921842487447,1.9170992149220782,37.30886716221715,"participation set is bounded interval [p_bar_low, p_bar_high]; 1[p>=p_bar] form fails above p_bar_high",False,missing curvature condition: H2 requires log-concave demand; CES is log-convex
P2/H2 single-threshold participation,ces,1.5,0.7,2.0,0.8281733249999219,2.556132286562771,49.745156216289544,"participation set is bounded interval [p_bar_low, p_bar_high]; 1[p>=p_bar] form fails above p_bar_high",False,missing curvature condition: H2 requires log-concave demand; CES is log-convex
P2/H2 single-threshold participation,ces,1.5,0.7,3.0,0.6762006882779829,3.834198429844157,74.6177343244343,"participation set is bounded interval [p_bar_low, p_bar_high]; 1[p>=p_bar] form fails above p_bar_high",False,missing curvature condition: H2 requires log-concave demand; CES is log-convex
P2/H2 single-threshold participation,ces,1.6,0.3,1.5,0.24068951004539257,1.8704477437570344,25.080616097853575,"participation set is bounded interval [p_bar_low, p_bar_high]; 1[p>=p_bar] form fails above p_bar_high",False,missing curvature condition: H2 requires log-concave demand; CES is log-convex
P2/H2 single-threshold participation,ces,1.6,0.3,2.0,0.20253212568776466,2.4939303250093787,33.440821463808476,"participation set is bounded interval [p_bar_low, p_bar_high]; 1[p>=p_bar] form fails above p_bar_high",False,missing curvature condition: H2 requires log-concave demand; CES is log-convex
P2/H2 single-threshold participation,ces,1.6,0.3,3.0,0.15879585627247372,3.740895487514068,50.16123219571272,"participation set is bounded interval [p_bar_low, p_bar_high]; 1[p>=p_bar] form fails above p_bar_high",False,missing curvature condition: H2 requires log-concave demand; CES is log-convex
P2/H2 single-threshold participation,ces,1.6,0.5,1.5,0.41234622211652944,1.8704477437570344,25.080616097853575,"participation set is bounded interval [p_bar_low, p_bar_high]; 1[p>=p_bar] form fails above p_bar_high",False,missing curvature condition: H2 requires log-concave demand; CES is log-convex
P2/H2 single-threshold participation,ces,1.6,0.5,2.0,0.34697547420670627,2.4939303250093787,33.44082146380847,"participation set is bounded interval [p_bar_low, p_bar_high]; 1[p>=p_bar] form fails above p_bar_high",False,missing curvature condition: H2 requires log-concave demand; CES is log-convex
P2/H2 single-threshold participation,ces,1.6,0.5,3.0,0.27204705103003873,3.740895487514068,50.161232195712714,"participation set is bounded interval [p_bar_low, p_bar_high]; 1[p>=p_bar] form fails above p_bar_high",False,missing curvature condition: H2 requires log-concave demand; CES is log-convex
P2/H2 single-threshold participation,ces,1.6,0.7,1.5,0.9337272195595224,1.8704477437570344,25.080616097853575,"participation set is bounded interval [p_bar_low, p_bar_high]; 1[p>=p_bar] form fails above p_bar_high",False,missing curvature condition: H2 requires log-concave demand; CES is log-convex
P2/H2 single-threshold participation,ces,1.6,0.7,2.0,0.7857000438209847,2.493930325009379,33.440821463808476,"participation set is bounded interval [p_bar_low, p_bar_high]; 1[p>=p_bar] form fails above p_bar_high",False,missing curvature condition: H2 requires log-concave demand; CES is log-convex
P2/H2 single-threshold participation,ces,1.6,0.7,3.0,0.6160302263563845,3.740895487514068,50.16123219571272,"participation set is bounded interval [p_bar_low, p_bar_high]; 1[p>=p_bar] form fails above p_bar_high",False,missing curvature condition: H2 requires log-concave demand; CES is log-convex
P2/H2 single-threshold participation,ces,1.7000000000000002,0.3,1.5,0.2181950614219447,1.833492552819343,18.551964316102907,"participation set is bounded interval [p_bar_low, p_bar_high]; 1[p>=p_bar] form fails above p_bar_high",False,missing curvature condition: H2 requires log-concave demand; CES is log-convex
P2/H2 single-threshold participation,ces,1.7000000000000002,0.3,2.0,0.17839710441619683,2.444656737092457,24.73595242147056,"participation set is bounded interval [p_bar_low, p_bar_high]; 1[p>=p_bar] form fails above p_bar_high",False,missing curvature condition: H2 requires log-concave demand; CES is log-convex
P2/H2 single-threshold participation,ces,1.7000000000000002,0.3,3.0,0.13431481544453902,3.6669851056386857,37.10392863219638,"participation set is bounded interval [p_bar_low, p_bar_high]; 1[p>=p_bar] form fails above p_bar_high",False,missing curvature condition: H2 requires log-concave demand; CES is log-convex
P2/H2 single-threshold participation,ces,1.7000000000000002,0.5,1.5,0.3866006476952408,1.833492552819343,18.55196431610291,"participation set is bounded interval [p_bar_low, p_bar_high]; 1[p>=p_bar] form fails above p_bar_high",False,missing curvature condition: H2 requires log-concave demand; CES is log-convex
P2/H2 single-threshold participation,ces,1.7000000000000002,0.5,2.0,0.3160861463353028,2.444656737092457,24.735952421470547,"participation set is bounded interval [p_bar_low, p_bar_high]; 1[p>=p_bar] form fails above p_bar_high",False,missing curvature condition: H2 requires log-concave demand; CES is log-convex
P2/H2 single-threshold participation,ces,1.7000000000000002,0.5,3.0,0.2379806138027609,3.6669851056386857,37.10392863219639,"participation set is bounded interval [p_bar_low, p_bar_high]; 1[p>=p_bar] form fails above p_bar_high",False,missing curvature condition: H2 requires log-concave demand; CES is log-convex
P2/H2 single-threshold participation,ces,1.7000000000000002,0.7,1.5,0.921309292668263,1.8334925528193429,18.551964316102918,"participation set is bounded interval [p_bar_low, p_bar_high]; 1[p>=p_bar] form fails above p_bar_high",False,missing curvature condition: H2 requires log-concave demand; CES is log-convex
P2/H2 single-threshold participation,ces,1.7000000000000002,0.7,2.0,0.7532659493420705,2.444656737092457,24.735952421470564,"participation set is bounded interval [p_bar_low, p_bar_high]; 1[p>=p_bar] form fails above p_bar_high",False,missing curvature condition: H2 requires log-concave demand; CES is log-convex
P2/H2 single-threshold participation,ces,1.7000000000000002,0.7,3.0,0.5671323943156442,3.6669851056386857,37.1039286321964,"participation set is bounded interval [p_bar_low, p_bar_high]; 1[p>=p_bar] form fails above p_bar_high",False,missing curvature condition: H2 requires log-concave demand; CES is log-convex
P2/H2 single-threshold participation,ces,1.8,0.3,1.5,0.19948121533007157,1.8034286792994196,14.617549622223802,"participation set is bounded interval [p_bar_low, p_bar_high]; 1[p>=p_bar] form fails above p_bar_high",False,missing curvature condition: H2 requires log-concave demand; CES is log-convex
P2/H2 single-threshold participation,ces,1.8,0.3,2.0,0.15847144433925267,2.404571572399226,19.490066162967405,"participation set is bounded interval [p_bar_low, p_bar_high]; 1[p>=p_bar] form fails above p_bar_high",False,missing curvature condition: H2 requires log-concave demand; CES is log-convex
P2/H2 single-threshold participation,ces,1.8,0.3,3.0,0.11457187195123127,3.6068573585988393,29.235099244448968,"participation set is bounded interval [p_bar_low, p_bar_high]; 1[p>=p_bar] form fails above p_bar_high",False,missing curvature condition: H2 requires log-concave demand; CES is log-convex
P2/H2 single-threshold participation,ces,1.8,0.5,1.5,0.3655379481354601,1.8034286792994196,14.617549622223807,"participation set is bounded interval [p_bar_low, p_bar_high]; 1[p>=p_bar] form fails above p_bar_high",False,missing curvature condition: H2 requires log-concave demand; CES is log-convex
P2/H2 single-threshold participation,ces,1.8,0.5,2.0,0.29038988210485767,2.404571572399226,19.4900661629674,"participation set is bounded interval [p_bar_low, p_bar_high]; 1[p>=p_bar] form fails above p_bar_high",False,missing curvature condition: H2 requires log-concave demand; CES is log-convex
P2/H2 single-threshold participation,ces,1.8,0.5,3.0,0.20994641985609724,3.6068573585988393,29.23509924444897,"participation set is bounded interval [p_bar_low, p_bar_high]; 1[p>=p_bar] form fails above p_bar_high",False,missing curvature condition: H2 requires log-concave demand; CES is log-convex
P2/H2 single-threshold participation,ces,1.8,0.7,1.5,0.9167696323158693,1.8034286792994196,14.617549622223803,"participation set is bounded interval [p_bar_low, p_bar_high]; 1[p>=p_bar] form fails above p_bar_high",False,missing curvature condition: H2 requires log-concave demand; CES is log-convex
P2/H2 single-threshold participation,ces,1.8,0.7,2.0,0.7282981884738919,2.4045715723992265,19.49006616296739,"participation set is bounded interval [p_bar_low, p_bar_high]; 1[p>=p_bar] form fails above p_bar_high",False,missing curvature condition: H2 requires log-concave demand; CES is log-convex
P2/H2 single-threshold participation,ces,1.8,0.7,3.0,0.5265458842762378,3.6068573585988393,29.235099244448982,"participation set is bounded interval [p_bar_low, p_bar_high]; 1[p>=p_bar] form fails above p_bar_high",False,missing curvature condition: H2 requires log-concave demand; CES is log-convex
P2/H2 single-threshold participation,ces,1.9,0.3,1.5,0.18364876487033277,1.7784556760598802,12.03912180469681,"participation set is bounded interval [p_bar_low, p_bar_high]; 1[p>=p_bar] form fails above p_bar_high",False,missing curvature condition: H2 requires log-concave demand; CES is log-convex
P2/H2 single-threshold participation,ces,1.9,0.3,2.0,0.14175655452615415,2.3712742347465063,16.052162406262408,"participation set is bounded interval [p_bar_low, p_bar_high]; 1[p>=p_bar] form fails above p_bar_high",False,missing curvature condition: H2 requires log-concave demand; CES is log-convex
P2/H2 single-threshold participation,ces,1.9,0.3,3.0,0.09841493630779506,3.556911352119762,24.078243609388917,"participation set is bounded interval [p_bar_low, p_bar_high]; 1[p>=p_bar] form fails above p_bar_high",False,missing curvature condition: H2 requires log-concave demand; CES is log-convex
P2/H2 single-threshold participation,ces,1.9,0.5,1.5,0.34804169867299245,1.7784556760598802,12.039121804696812,"participation set is bounded interval [p_bar_low, p_bar_high]; 1[p>=p_bar] form fails above p_bar_high",False,missing curvature condition: H2 requires log-concave demand; CES is log-convex
P2/H2 single-threshold participation,ces,1.9,0.5,2.0,0.26864973510792967,2.3712742347465063,16.052162406262415,"participation set is bounded interval [p_bar_low, p_bar_high]; 1[p>=p_bar] form fails above p_bar_high",False,missing curvature condition: H2 requires log-concave demand; CES is log-convex
P2/H2 single-threshold participation,ces,1.9,0.5,3.0,0.18651092824688315,3.556911352119762,24.07824360938892,"participation set is bounded interval [p_bar_low, p_bar_high]; 1[p>=p_bar] form fails above p_bar_high",False,missing curvature condition: H2 requires log-concave demand; CES is log-convex
P2/H2 single-threshold participation,ces,1.9,0.7,1.5,0.9186369373113352,1.7784556760598802,12.03912180469681,"participation set is bounded interval [p_bar_low, p_bar_high]; 1[p>=p_bar] form fails above p_bar_high",False,missing curvature condition: H2 requires log-concave demand; CES is log-convex
P2/H2 single-threshold participation,ces,1.9,0.7,2.0,0.709086212399298,2.3712742347465063,16.052162406262415,"participation set is bounded interval [p_bar_low, p_bar_high]; 1[p>=p_bar] form fails above p_bar_high",False,missing curvature condition: H2 requires log-concave demand; CES is log-convex
P2/H2 single-threshold participation,ces,1.9,0.7,3.0,0.4922853455579528,3.556911352119762,24.078243609388917,"participation set is bounded interval [p_bar_low, p_bar_high]; 1[p>=p_bar] form fails above p_bar_high",False,missing curvature condition: H2 requires log-concave demand; CES is log-convex
P2/H2 single-threshold participation,ces,2.0,0.3,1.5,0.1700680272108844,1.7573593128807148,10.242640687119282,"participation set is bounded interval [p_bar_low, p_bar_high]; 1[p>=p_bar] form fails above p_bar_high",False,missing curvature condition: H2 requires log-concave demand; CES is log-convex
P2/H2 single-threshold participation,ces,2.0,0.3,2.0,0.12755102040816327,2.3431457505076194,13.656854249492381,"participation set is bounded interval [p_bar_low, p_bar_high]; 1[p>=p_bar] form fails above p_bar_high",False,missing curvature condition: H2 requires log-concave demand; CES is log-convex
P2/H2 single-threshold participation,ces,2.0,0.3,3.0,0.0850340136054422,3.514718625761431,20.48528137423857,"participation set is bounded interval [p_bar_low, p_bar_high]; 1[p>=p_bar] form fails above p_bar_high",False,missing curvature condition: H2 requires log-concave demand; CES is log-convex
P2/H2 single-threshold participation,ces,2.0,0.5,1.5,0.3333333333333333,1.7573593128807146,10.242640687119286,"participation set is bounded interval [p_bar_low, p_bar_high]; 1[p>=p_bar] form fails above p_bar_high",False,missing curvature condition: H2 requires log-concave demand; CES is log-convex
P2/H2 single-threshold participation,ces,2.0,0.5,2.0,0.25,2.3431457505076194,13.656854249492381,"participation set is bounded interval [p_bar_low, p_bar_high]; 1[p>=p_bar] form fails above p_bar_high",False,missing curvature condition: H2 requires log-concave demand; CES is log-convex
P2/H2 single-threshold participation,ces,2.0,0.5,3.0,0.16666666666666666,3.514718625761431,20.48528137423857,"participation set is bounded interval [p_bar_low, p_bar_high]; 1[p>=p_bar] form fails above p_bar_high",False,missing curvature condition: H2 requires log-concave demand; CES is log-convex
P2/H2 single-threshold participation,ces,2.0,0.7,1.5,0.9259259259259257,1.7573593128807146,10.242640687119286,"participation set is bounded interval [p_bar_low, p_bar_high]; 1[p>=p_bar] form fails above p_bar_high",False,missing curvature condition: H2 requires log-concave demand; CES is log-convex
P2/H2 single-threshold participation,ces,2.0,0.7,2.0,0.6944444444444442,2.3431457505076194,13.65685424949238,"participation set is bounded interval [p_bar_low, p_bar_high]; 1[p>=p_bar] form fails above p_bar_high",False,missing curvature condition: H2 requires log-concave demand; CES is log-convex
P2/H2 single-threshold participation,ces,2.0,0.7,3.0,0.46296296296296285,3.514718625761431,20.48528137423857,"participation set is bounded interval [p_bar_low, p_bar_high]; 1[p>=p_bar] form fails above p_bar_high",False,missing curvature condition: H2 requires log-concave demand; CES is log-convex
P2/H2 single-threshold participation,ces,2.1,0.3,1.5,0.15828332693975714,1.7392882212656755,8.931366797670217,"participation set is bounded interval [p_bar_low, p_bar_high]; 1[p>=p_bar] form fails above p_bar_high",False,missing curvature condition: H2 requires log-concave demand; CES is log-convex
P2/H2 single-threshold participation,ces,2.1,0.3,2.0,0.11534600564987137,2.3190509616875676,11.908489063560292,"participation set is bounded interval [p_bar_low, p_bar_high]; 1[p>=p_bar] form fails above p_bar_high",False,missing curvature condition: H2 requires log-concave demand; CES is log-convex
P2/H2 single-threshold participation,ces,2.1,0.3,3.0,0.07384178302250007,3.4785764425313563,17.862733595340437,"participation set is bounded interval [p_bar_low, p_bar_high]; 1[p>=p_bar] form fails above p_bar_high",False,missing curvature condition: H2 requires log-concave demand; CES is log-convex
P2/H2 single-threshold participation,ces,2.1,0.5,1.5,0.3208514785878959,1.7392882212656755,8.93136679767022,"participation set is bounded interval [p_bar_low, p_bar_high]; 1[p>=p_bar] form fails above p_bar_high",False,missing curvature condition: H2 requires log-concave demand; CES is log-convex
P2/H2 single-threshold participation,ces,2.1,0.5,2.0,0.23381449693722126,2.3190509616875676,11.90848906356029,"participation set is bounded interval [p_bar_low, p_bar_high]; 1[p>=p_bar] form fails above p_bar_high",False,missing curvature condition: H2 requires log-concave demand; CES is log-convex
P2/H2 single-threshold participation,ces,2.1,0.5,3.0,0.1496825074529362,3.478576442531356,17.86273359534044,"participation set is bounded interval [p_bar_low, p_bar_high]; 1[p>=p_bar] form fails above p_bar_high",False,missing curvature condition: H2 requires log-concave demand; CES is log-convex
P2/H2 single-threshold participation,ces,2.1,0.7,1.5,0.9379645381119269,1.7392882212656755,8.931366797670215,"participation set is bounded interval [p_bar_low, p_bar_high]; 1[p>=p_bar] form fails above p_bar_high",False,missing curvature condition: H2 requires log-concave demand; CES is log-convex
P2/H2 single-threshold participation,ces,2.1,0.7,2.0,0.6835240641208834,2.3190509616875676,11.90848906356029,"participation set is bounded interval [p_bar_low, p_bar_high]; 1[p>=p_bar] form fails above p_bar_high",False,missing curvature condition: H2 requires log-concave demand; CES is log-convex
P2/H2 single-threshold participation,ces,2.1,0.7,3.0,0.4375759294750054,3.478576442531356,17.862733595340437,"participation set is bounded interval [p_bar_low, p_bar_high]; 1[p>=p_bar] form fails above p_bar_high",False,missing curvature condition: H2 requires log-concave demand; CES is log-convex
P2/H2 single-threshold participation,ces,2.2,0.3,1.5,0.14795593910779478,1.723626342817223,7.938727228378235,"participation set is bounded interval [p_bar_low, p_bar_high]; 1[p>=p_bar] form fails above p_bar_high",False,missing curvature condition: H2 requires log-concave demand; CES is log-convex
P2/H2 single-threshold participation,ces,2.2,0.3,2.0,0.1047625157501835,2.2981684570896332,10.58496963783765,"participation set is bounded interval [p_bar_low, p_bar_high]; 1[p>=p_bar] form fails above p_bar_high",False,missing curvature condition: H2 requires log-concave demand; CES is log-convex
P2/H2 single-threshold participation,ces,2.2,0.3,3.0,0.06440156306664888,3.4472526856344565,15.877454456756292,"participation set is bounded interval [p_bar_low, p_bar_high]; 1[p>=p_bar] form fails above p_bar_high",False,missing curvature condition: H2 requires log-concave demand; CES is log-convex
P2/H2 single-threshold participation,ces,2.2,0.5,1.5,0.31018020693489373,1.723626342817223,7.938727228378238,"participation set is bounded interval [p_bar_low, p_bar_high]; 1[p>=p_bar] form fails above p_bar_high",False,missing curvature condition: H2 requires log-concave demand; CES is log-convex
P2/H2 single-threshold participation,ces,2.2,0.5,2.0,0.2196279447135761,2.298168457089633,10.584969637837652,"participation set is bounded interval [p_bar_low, p_bar_high]; 1[p>=p_bar] form fails above p_bar_high",False,missing curvature condition: H2 requires log-concave demand; CES is log-convex
P2/H2 single-threshold participation,ces,2.2,0.5,3.0,0.13501377693524003,3.447252685634456,15.877454456756292,"participation set is bounded interval [p_bar_low, p_bar_high]; 1[p>=p_bar] form fails above p_bar_high",False,missing curvature condition: H2 requires log-concave demand; CES is log-convex
P2/H2 single-threshold participation,ces,2.2,0.7,1.5,0.9542921042857722,1.723626342817223,7.938727228378242,"participation set is bounded interval [p_bar_low, p_bar_high]; 1[p>=p_bar] form fails above p_bar_high",False,missing curvature condition: H2 requires log-concave demand; CES is log-convex
P2/H2 single-threshold participation,ces,2.2,0.7,2.0,0.6757014433376474,2.2981684570896332,10.584969637837654,"participation set is bounded interval [p_bar_low, p_bar_high]; 1[p>=p_bar] form fails above p_bar_high",False,missing curvature condition: H2 requires log-concave demand; CES is log-convex
P2/H2 single-threshold participation,ces,2.2,0.7,3.0,0.41537976446751124,3.447252685634456,15.877454456756297,"participation set is bounded interval [p_bar_low, p_bar_high]; 1[p>=p_bar] form fails above p_bar_high",False,missing curvature condition: H2 requires log-concave demand; CES is log-convex
P2/H2 single-threshold participation,ces,2.3,0.3,1.5,0.13882836555722172,1.709916098047022,7.16498348297592,"participation set is bounded interval [p_bar_low, p_bar_high]; 1[p>=p_bar] form fails above p_bar_high",False,missing curvature condition: H2 requires log-concave demand; CES is log-convex
P2/H2 single-threshold participation,ces,2.3,0.3,2.0,0.09551198106639637,2.279888130729363,9.553311310634562,"participation set is bounded interval [p_bar_low, p_bar_high]; 1[p>=p_bar] form fails above p_bar_high",False,missing curvature condition: H2 requires log-concave demand; CES is log-convex
P2/H2 single-threshold participation,ces,2.3,0.3,3.0,0.05638183630303641,3.4198321960940437,14.32996696595184,"participation set is bounded interval [p_bar_low, p_bar_high]; 1[p>=p_bar] form fails above p_bar_high",False,missing curvature condition: H2 requires log-concave demand; CES is log-convex
P2/H2 single-threshold participation,ces,2.3,0.5,1.5,0.301004295143395,1.709916098047022,7.164983482975919,"participation set is bounded interval [p_bar_low, p_bar_high]; 1[p>=p_bar] form fails above p_bar_high",False,missing curvature condition: H2 requires log-concave demand; CES is log-convex
P2/H2 single-threshold participation,ces,2.3,0.5,2.0,0.2070867608593293,2.279888130729363,9.55331131063456,"participation set is bounded interval [p_bar_low, p_bar_high]; 1[p>=p_bar] form fails above p_bar_high",False,missing curvature condition: H2 requires log-concave demand; CES is log-convex
P2/H2 single-threshold participation,ces,2.3,0.5,3.0,0.12224573002187107,3.4198321960940437,14.329966965951844,"participation set is bounded interval [p_bar_low, p_bar_high]; 1[p>=p_bar] form fails above p_bar_high",False,missing curvature condition: H2 requires log-concave demand; CES is log-convex
P2/H2 single-threshold participation,ces,2.3,0.7,1.5,0.9745964314879949,1.709916098047022,7.16498348297592,"participation set is bounded interval [p_bar_low, p_bar_high]; 1[p>=p_bar] form fails above p_bar_high",False,missing curvature condition: H2 requires log-concave demand; CES is log-convex
P2/H2 single-threshold participation,ces,2.3,0.7,2.0,0.6705087648193276,2.279888130729363,9.553311310634559,"participation set is bounded interval [p_bar_low, p_bar_high]; 1[p>=p_bar] form fails above p_bar_high",False,missing curvature condition: H2 requires log-concave demand; CES is log-convex
P2/H2 single-threshold participation,ces,2.3,0.7,3.0,0.3958091434781798,3.4198321960940437,14.329966965951842,"participation set is bounded interval [p_bar_low, p_bar_high]; 1[p>=p_bar] form fails above p_bar_high",False,missing curvature condition: H2 requires log-concave demand; CES is log-convex
P2/H2 single-threshold participation,ces,2.4,0.3,1.5,0.13070109180882455,1.6978100492437134,6.547234782694856,"participation set is bounded interval [p_bar_low, p_bar_high]; 1[p>=p_bar] form fails above p_bar_high",False,missing curvature condition: H2 requires log-concave demand; CES is log-convex
P2/H2 single-threshold participation,ces,2.4,0.3,2.0,0.08737053281896909,2.2637467323249543,8.729646376926476,"participation set is bounded interval [p_bar_low, p_bar_high]; 1[p>=p_bar] form fails above p_bar_high",False,missing curvature condition: H2 requires log-concave demand; CES is log-convex
P2/H2 single-threshold participation,ces,2.4,0.3,3.0,0.049526452528907965,3.3956200984874263,13.094469565389712,"participation set is bounded interval [p_bar_low, p_bar_high]; 1[p>=p_bar] form fails above p_bar_high",False,missing curvature condition: H2 requires log-concave demand; CES is log-convex
P2/H2 single-threshold participation,ces,2.4,0.5,1.5,0.2930802147524573,1.6978100492437131,6.547234782694859,"participation set is bounded interval [p_bar_low, p_bar_high]; 1[p>=p_bar] form fails above p_bar_high",False,missing curvature condition: H2 requires log-concave demand; CES is log-convex
P2/H2 single-threshold participation,ces,2.4,0.5,2.0,0.19591706669960046,2.2637467323249543,8.729646376926478,"participation set is bounded interval [p_bar_low, p_bar_high]; 1[p>=p_bar] form fails above p_bar_high",False,missing curvature condition: H2 requires log-concave demand; CES is log-convex
P2/H2 single-threshold participation,ces,2.4,0.5,3.0,0.1110566342041812,3.3956200984874263,13.094469565389717,"participation set is bounded interval [p_bar_low, p_bar_high]; 1[p>=p_bar] form fails above p_bar_high",False,missing curvature condition: H2 requires log-concave demand; CES is log-convex
P2/H2 single-threshold participation,ces,2.4,0.7,1.5,0.9986734407498477,1.6978100492437131,6.547234782694857,"participation set is bounded interval [p_bar_low, p_bar_high]; 1[p>=p_bar] form fails above p_bar_high",False,missing curvature condition: H2 requires log-concave demand; CES is log-convex
P2/H2 single-threshold participation,ces,2.4,0.7,2.0,0.6675891488197667,2.2637467323249543,8.729646376926478,"participation set is bounded interval [p_bar_low, p_bar_high]; 1[p>=p_bar] form fails above p_bar_high",False,missing curvature condition: H2 requires log-concave demand; CES is log-convex
P2/H2 single-threshold participation,ces,2.4,0.7,3.0,0.3784264696696211,3.395620098487426,13.094469565389717,"participation set is bounded interval [p_bar_low, p_bar_high]; 1[p>=p_bar] form fails above p_bar_high",False,missing curvature condition: H2 requires log-concave demand; CES is log-convex
P2/H2 single-threshold participation,ces,2.5,0.3,1.5,0.12341697077852318,1.687039367599688,6.0440856605709845,"participation set is bounded interval [p_bar_low, p_bar_high]; 1[p>=p_bar] form fails above p_bar_high",False,missing curvature condition: H2 requires log-concave demand; CES is log-convex
P2/H2 single-threshold participation,ces,2.5,0.3,2.0,0.08016167396424209,2.249385823466253,8.058780880761311,"participation set is bounded interval [p_bar_low, p_bar_high]; 1[p>=p_bar] form fails above p_bar_high",False,missing curvature condition: H2 requires log-concave demand; CES is log-convex
P2/H2 single-threshold participation,ces,2.5,0.3,3.0,0.043634488475497855,3.3740787351993764,12.088171321141969,"participation set is bounded interval [p_bar_low, p_bar_high]; 1[p>=p_bar] form fails above p_bar_high",False,missing curvature condition: H2 requires log-concave demand; CES is log-convex
P2/H2 single-threshold participation,ces,2.5,0.5,1.5,0.2862167011199731,1.6870393675996882,6.044085660570981,"participation set is bounded interval [p_bar_low, p_bar_high]; 1[p>=p_bar] form fails above p_bar_high",False,missing curvature condition: H2 requires log-concave demand; CES is log-convex
P2/H2 single-threshold participation,ces,2.5,0.5,2.0,0.185903200617956,2.249385823466253,8.05878088076131,"participation set is bounded interval [p_bar_low, p_bar_high]; 1[p>=p_bar] form fails above p_bar_high",False,missing curvature condition: H2 requires log-concave demand; CES is log-convex
P2/H2 single-threshold participation,ces,2.5,0.5,3.0,0.10119288512538814,3.3740787351993764,12.088171321141964,"participation set is bounded interval [p_bar_low, p_bar_high]; 1[p>=p_bar] form fails above p_bar_high",False,missing curvature condition: H2 requires log-concave demand; CES is log-convex
P2/H2 single-threshold participation,ces,2.5,0.7,1.5,1.0264004785593344,1.6870393675996882,6.044085660570981,"participation set is bounded interval [p_bar_low, p_bar_high]; 1[p>=p_bar] form fails above p_bar_high",False,missing curvature condition: H2 requires log-concave demand; CES is log-convex
P2/H2 single-threshold participation,ces,2.5,0.7,2.0,0.6666666666666664,2.249385823466253,8.05878088076131,"participation set is bounded interval [p_bar_low, p_bar_high]; 1[p>=p_bar] form fails above p_bar_high",False,missing curvature condition: H2 requires log-concave demand; CES is log-convex
P2/H2 single-threshold participation,ces,2.5,0.7,3.0,0.36288736930121146,3.3740787351993764,12.088171321141964,"participation set is bounded interval [p_bar_low, p_bar_high]; 1[p>=p_bar] form fails above p_bar_high",False,missing curvature condition: H2 requires log-concave demand; CES is log-convex
P2/H2 single-threshold participation,ces,2.5999999999999996,0.3,1.5,0.1168504403415023,1.6773926210723347,5.627306303283991,"participation set is bounded interval [p_bar_low, p_bar_high]; 1[p>=p_bar] form fails above p_bar_high",False,missing curvature condition: H2 requires log-concave demand; CES is log-convex
P2/H2 single-threshold participation,ces,2.5999999999999996,0.3,2.0,0.07374428594370148,2.2365234947631176,7.503075071045679,"participation set is bounded interval [p_bar_low, p_bar_high]; 1[p>=p_bar] form fails above p_bar_high",False,missing curvature condition: H2 requires log-concave demand; CES is log-convex
P2/H2 single-threshold participation,ces,2.5999999999999996,0.3,3.0,0.038546270101977115,3.3547852421446764,11.25461260656798,"participation set is bounded interval [p_bar_low, p_bar_high]; 1[p>=p_bar] form fails above p_bar_high",False,missing curvature condition: H2 requires log-concave demand; CES is log-convex
P2/H2 single-threshold participation,ces,2.5999999999999996,0.5,1.5,0.2802613735253278,1.6773926210723347,5.627306303283992,"participation set is bounded interval [p_bar_low, p_bar_high]; 1[p>=p_bar] form fails above p_bar_high",False,missing curvature condition: H2 requires log-concave demand; CES is log-convex
P2/H2 single-threshold participation,ces,2.5999999999999996,0.5,2.0,0.17687288817931549,2.2365234947631176,7.503075071045677,"participation set is bounded interval [p_bar_low, p_bar_high]; 1[p>=p_bar] form fails above p_bar_high",False,missing curvature condition: H2 requires log-concave demand; CES is log-convex
P2/H2 single-threshold participation,ces,2.5999999999999996,0.5,3.0,0.0924517748626868,3.354785242144676,11.25461260656798,"participation set is bounded interval [p_bar_low, p_bar_high]; 1[p>=p_bar] form fails above p_bar_high",False,missing curvature condition: H2 requires log-concave demand; CES is log-convex
P2/H2 single-threshold participation,ces,2.5999999999999996,0.7,1.5,1.0577182434561987,1.6773926210723347,5.62730630328399,"participation set is bounded interval [p_bar_low, p_bar_high]; 1[p>=p_bar] form fails above p_bar_high",False,missing curvature condition: H2 requires log-concave demand; CES is log-convex
P2/H2 single-threshold participation,ces,2.5999999999999996,0.7,2.0,0.6675257394438738,2.2365234947631176,7.503075071045679,"participation set is bounded interval [p_bar_low, p_bar_high]; 1[p>=p_bar] form fails above p_bar_high",False,missing curvature condition: H2 requires log-concave demand; CES is log-convex
P2/H2 single-threshold participation,ces,2.5999999999999996,0.7,3.0,0.34891689740231613,3.354785242144676,11.254612606567981,"participation set is bounded interval [p_bar_low, p_bar_high]; 1[p>=p_bar] form fails above p_bar_high",False,missing curvature condition: H2 requires log-concave demand; CES is log-convex
P2/H2 single-threshold participation,ces,2.7,0.3,1.5,0.11089990114317333,1.6687011233487157,5.2770556169716984,"participation set is bounded interval [p_bar_low, p_bar_high]; 1[p>=p_bar] form fails above p_bar_high",False,missing curvature condition: H2 requires log-concave demand; CES is log-convex
P2/H2 single-threshold participation,ces,2.7,0.3,2.0,0.06800413279883759,2.224934831131602,7.036074155962263,"participation set is bounded interval [p_bar_low, p_bar_high]; 1[p>=p_bar] form fails above p_bar_high",False,missing curvature condition: H2 requires log-concave demand; CES is log-convex
P2/H2 single-threshold participation,ces,2.7,0.3,3.0,0.03413344843323033,3.3374022466974416,10.554111233943399,"participation set is bounded interval [p_bar_low, p_bar_high]; 1[p>=p_bar] form fails above p_bar_high",False,missing curvature condition: H2 requires log-concave demand; CES is log-convex
P2/H2 single-threshold participation,ces,2.7,0.5,1.5,0.2750912997967963,1.6687011233487157,5.2770556169716984,"participation set is bounded interval [p_bar_low, p_bar_high]; 1[p>=p_bar] form fails above p_bar_high",False,missing curvature condition: H2 requires log-concave demand; CES is log-convex
P2/H2 single-threshold participation,ces,2.7,0.5,2.0,0.16868676247992984,2.224934831131602,7.036074155962265,"participation set is bounded interval [p_bar_low, p_bar_high]; 1[p>=p_bar] form fails above p_bar_high",False,missing curvature condition: H2 requires log-concave demand; CES is log-convex
P2/H2 single-threshold participation,ces,2.7,0.5,3.0,0.0846692792261543,3.337402246697442,10.554111233943397,"participation set is bounded interval [p_bar_low, p_bar_high]; 1[p>=p_bar] form fails above p_bar_high",False,missing curvature condition: H2 requires log-concave demand; CES is log-convex
P2/H2 single-threshold participation,ces,2.7,0.7,1.5,1.0926183230934934,1.6687011233487157,5.2770556169716984,"participation set is bounded interval [p_bar_low, p_bar_high]; 1[p>=p_bar] form fails above p_bar_high",False,missing curvature condition: H2 requires log-concave demand; CES is log-convex
P2/H2 single-threshold participation,ces,2.7,0.7,2.0,0.6699966436053674,2.224934831131602,7.036074155962264,"participation set is bounded interval [p_bar_low, p_bar_high]; 1[p>=p_bar] form fails above p_bar_high",False,missing curvature condition: H2 requires log-concave demand; CES is log-convex
P2/H2 single-threshold participation,ces,2.7,0.7,3.0,0.33629273609871124,3.3374022466974416,10.5541112339434,"participation set is bounded interval [p_bar_low, p_bar_high]; 1[p>=p_bar] form fails above p_bar_high",False,missing curvature condition: H2 requires log-concave demand; CES is log-convex
P2/H2 single-threshold participation,ces,2.8,0.3,1.5,0.10548221658923203,1.6608285795669628,4.979022745159818,"participation set is bounded interval [p_bar_low, p_bar_high]; 1[p>=p_bar] form fails above p_bar_high",False,missing curvature condition: H2 requires log-concave demand; CES is log-convex
P2/H2 single-threshold participation,ces,2.8,0.3,2.0,0.06284771922261888,2.2144381060892937,6.638696993546424,"participation set is bounded interval [p_bar_low, p_bar_high]; 1[p>=p_bar] form fails above p_bar_high",False,missing curvature condition: H2 requires log-concave demand; CES is log-convex
P2/H2 single-threshold participation,ces,2.8,0.3,3.0,0.03029181216937295,3.3216571591339408,9.958045490319636,"participation set is bounded interval [p_bar_low, p_bar_high]; 1[p>=p_bar] form fails above p_bar_high",False,missing curvature condition: H2 requires log-concave demand; CES is log-convex
P2/H2 single-threshold participation,ces,2.8,0.5,1.5,0.27060620286582815,1.6608285795669628,4.979022745159818,"participation set is bounded interval [p_bar_low, p_bar_high]; 1[p>=p_bar] form fails above p_bar_high",False,missing curvature condition: H2 requires log-concave demand; CES is log-convex
P2/H2 single-threshold participation,ces,2.8,0.5,2.0,0.16123080465628684,2.2144381060892937,6.638696993546425,"participation set is bounded interval [p_bar_low, p_bar_high]; 1[p>=p_bar] form fails above p_bar_high",False,missing curvature condition: H2 requires log-concave demand; CES is log-convex
P2/H2 single-threshold participation,ces,2.8,0.5,3.0,0.0777112250209927,3.3216571591339408,9.958045490319636,"participation set is bounded interval [p_bar_low, p_bar_high]; 1[p>=p_bar] form fails above p_bar_high",False,missing curvature condition: H2 requires log-concave demand; CES is log-convex
P2/H2 single-threshold participation,ces,2.8,0.7,1.5,1.1311344935554386,1.6608285795669628,4.979022745159819,"participation set is bounded interval [p_bar_low, p_bar_high]; 1[p>=p_bar] form fails above p_bar_high",False,missing curvature condition: H2 requires log-concave demand; CES is log-convex
P2/H2 single-threshold participation,ces,2.8,0.7,2.0,0.6739451004412097,2.2144381060892937,6.638696993546424,"participation set is bounded interval [p_bar_low, p_bar_high]; 1[p>=p_bar] form fails above p_bar_high",False,missing curvature condition: H2 requires log-concave demand; CES is log-convex
P2/H2 single-threshold participation,ces,2.8,0.7,3.0,0.3248330830068842,3.3216571591339403,9.958045490319638,"participation set is bounded interval [p_bar_low, p_bar_high]; 1[p>=p_bar] form fails above p_bar_high",False,missing curvature condition: H2 requires log-concave demand; CES is log-convex
P2/H2 single-threshold participation,ces,2.9,0.3,1.5,0.1005286716527241,1.6536636196647876,4.722651323644755,"participation set is bounded interval [p_bar_low, p_bar_high]; 1[p>=p_bar] form fails above p_bar_high",False,missing curvature condition: H2 requires log-concave demand; CES is log-convex
P2/H2 single-threshold participation,ces,2.9,0.3,2.0,0.05819777008019773,2.204884826219728,6.296868431526342,"participation set is bounded interval [p_bar_low, p_bar_high]; 1[p>=p_bar] form fails above p_bar_high",False,missing curvature condition: H2 requires log-concave demand; CES is log-convex
P2/H2 single-threshold participation,ces,2.9,0.3,3.0,0.026935990625353554,3.307327239329594,9.44530264728951,"participation set is bounded interval [p_bar_low, p_bar_high]; 1[p>=p_bar] form fails above p_bar_high",False,missing curvature condition: H2 requires log-concave demand; CES is log-convex
P2/H2 single-threshold participation,ces,2.9,0.5,1.5,0.266723479141721,1.6536636196647876,4.722651323644755,"participation set is bounded interval [p_bar_low, p_bar_high]; 1[p>=p_bar] form fails above p_bar_high",False,missing curvature condition: H2 requires log-concave demand; CES is log-convex
P2/H2 single-threshold participation,ces,2.9,0.5,2.0,0.1544107910597232,2.204884826219728,6.296868431526341,"participation set is bounded interval [p_bar_low, p_bar_high]; 1[p>=p_bar] form fails above p_bar_high",False,missing curvature condition: H2 requires log-concave demand; CES is log-convex
P2/H2 single-threshold participation,ces,2.9,0.5,3.0,0.07146678669486228,3.307327239329594,9.44530264728951,"participation set is bounded interval [p_bar_low, p_bar_high]; 1[p>=p_bar] form fails above p_bar_high",False,missing curvature condition: H2 requires log-concave demand; CES is log-convex
P2/H2 single-threshold participation,ces,2.9,0.7,1.5,1.1733366093870856,1.6536636196647876,4.722651323644755,"participation set is bounded interval [p_bar_low, p_bar_high]; 1[p>=p_bar] form fails above p_bar_high",False,missing curvature condition: H2 requires log-concave demand; CES is log-convex
P2/H2 single-threshold participation,ces,2.9,0.7,2.0,0.6792646624803781,2.204884826219728,6.296868431526341,"participation set is bounded interval [p_bar_low, p_bar_high]; 1[p>=p_bar] form fails above p_bar_high",False,missing curvature condition: H2 requires log-concave demand; CES is log-convex
P2/H2 single-threshold participation,ces,2.9,0.7,3.0,0.31438776014084774,3.307327239329594,9.44530264728951,"participation set is bounded interval [p_bar_low, p_bar_high]; 1[p>=p_bar] form fails above p_bar_high",False,missing curvature condition: H2 requires log-concave demand; CES is log-convex
P2/H2 single-threshold participation,ces,3.0,0.3,1.5,0.09598195539238624,1.647114317029975,4.5,"participation set is bounded interval [p_bar_low, p_bar_high]; 1[p>=p_bar] form fails above p_bar_high",False,missing curvature condition: H2 requires log-concave demand; CES is log-convex
P2/H2 single-threshold participation,ces,3.0,0.3,2.0,0.053989849908217286,2.196152422706658,5.999999999999998,"participation set is bounded interval [p_bar_low, p_bar_high]; 1[p>=p_bar] form fails above p_bar_high",False,missing curvature condition: H2 requires log-concave demand; CES is log-convex
P2/H2 single-threshold participation,ces,3.0,0.3,3.0,0.02399548884809656,3.2942286340599263,9.0,"participation set is bounded interval [p_bar_low, p_bar_high]; 1[p>=p_bar] form fails above p_bar_high",False,missing curvature condition: H2 requires log-concave demand; CES is log-convex
P2/H2 single-threshold participation,ces,3.0,0.5,1.5,0.2633744855967078,1.647114317029975,4.5,"participation set is bounded interval [p_bar_low, p_bar_high]; 1[p>=p_bar] form fails above p_bar_high",False,missing curvature condition: H2 requires log-concave demand; CES is log-convex
P2/H2 single-threshold participation,ces,3.0,0.5,2.0,0.14814814814814814,2.1961524227066573,6.000000000000001,"participation set is bounded interval [p_bar_low, p_bar_high]; 1[p>=p_bar] form fails above p_bar_high",False,missing curvature condition: H2 requires log-concave demand; CES is log-convex
P2/H2 single-threshold participation,ces,3.0,0.5,3.0,0.06584362139917695,3.2942286340599263,9.000000000000002,"participation set is bounded interval [p_bar_low, p_bar_high]; 1[p>=p_bar] form fails above p_bar_high",False,missing curvature condition: H2 requires log-concave demand; CES is log-convex
P2/H2 single-threshold participation,ces,3.0,0.7,1.5,1.2193263222069803,1.647114317029975,4.499999999999999,"participation set is bounded interval [p_bar_low, p_bar_high]; 1[p>=p_bar] form fails above p_bar_high",False,missing curvature condition: H2 requires log-concave demand; CES is log-convex
P2/H2 single-threshold participation,ces,3.0,0.7,2.0,0.6858710562414263,2.1961524227066573,6.0,"participation set is bounded interval [p_bar_low, p_bar_high]; 1[p>=p_bar] form fails above p_bar_high",False,missing curvature condition: H2 requires log-concave demand; CES is log-convex
P2/H2 single-threshold participation,ces,3.0,0.7,3.0,0.3048315805517451,3.2942286340599267,8.999999999999996,"participation set is bounded interval [p_bar_low, p_bar_high]; 1[p>=p_bar] form fails above p_bar_high",False,missing curvature condition: H2 requires log-concave demand; CES is log-convex
P6 wedge direction,ces,0.3,0.7,2.0,0.5,,,"p_cost=1.0000 (LOWER_CORNER), p_SB=2.4535 (AT_KINK), wedge=-1.4535 -> consistent",True,
P6 wedge direction,ces,0.4,0.7,2.0,0.5,,,"p_cost=1.0000 (LOWER_CORNER), p_SB=2.4400 (AT_KINK), wedge=-1.4400 -> consistent",True,
P6 wedge direction,ces,0.5,0.7,2.0,0.5,,,"p_cost=1.0000 (LOWER_CORNER), p_SB=2.4265 (AT_KINK), wedge=-1.4265 -> consistent",True,
P6 wedge direction,ces,0.6000000000000001,0.7,2.0,0.5,,,"p_cost=1.0000 (LOWER_CORNER), p_SB=2.4085 (AT_KINK), wedge=-1.4085 -> consistent",True,
P6 wedge direction,ces,0.7,0.7,2.0,0.5,,,"p_cost=1.0000 (LOWER_CORNER), p_SB=2.3950 (AT_KINK), wedge=-1.3950 -> consistent",True,
P6 wedge direction,ces,0.8,0.7,2.0,0.5,,,"p_cost=1.0000 (LOWER_CORNER), p_SB=2.3815 (AT_KINK), wedge=-1.3815 -> consistent",True,
P6 wedge direction,ces,0.9000000000000001,0.7,2.0,0.5,,,"p_cost=1.0000 (LOWER_CORNER), p_SB=2.3635 (AT_KINK), wedge=-1.3635 -> consistent",True,
P6 wedge direction,ces,1.0,0.7,2.0,0.5,,,"p_cost=3.2815 (INTERIOR_ORIGINATOR), p_SB=2.3500 (AT_KINK), wedge=+0.9315 -> REVERSED",False,"elastic demand (eps0 > 1): E_I is decreasing in p, so the cost-minimizer sits at the UPPER price corner, above p_SB; outside P6's stated inelastic domain"
P6 wedge direction,ces,1.1,0.7,2.0,0.5,,,"p_cost=10.0000 (UPPER_CORNER), p_SB=2.3365 (AT_KINK), wedge=+7.6635 -> REVERSED",False,"elastic demand (eps0 > 1): E_I is decreasing in p, so the cost-minimizer sits at the UPPER price corner, above p_SB; outside P6's stated inelastic domain"
P6 wedge direction,ces,1.2,0.7,2.0,0.5,,,"p_cost=10.0000 (UPPER_CORNER), p_SB=2.3230 (AT_KINK), wedge=+7.6770 -> REVERSED",False,"elastic demand (eps0 > 1): E_I is decreasing in p, so the cost-minimizer sits at the UPPER price corner, above p_SB; outside P6's stated inelastic domain"
P6 wedge direction,ces,1.3,0.7,2.0,0.5,,,"p_cost=10.0000 (UPPER_CORNER), p_SB=2.3095 (AT_KINK), wedge=+7.6905 -> REVERSED",False,"elastic demand (eps0 > 1): E_I is decreasing in p, so the cost-minimizer sits at the UPPER price corner, above p_SB; outside P6's stated inelastic domain"
P6 wedge direction,ces,1.4000000000000001,0.7,2.0,0.5,,,"p_cost=10.0000 (UPPER_CORNER), p_SB=2.2960 (AT_KINK), wedge=+7.7040 -> REVERSED",False,"elastic demand (eps0 > 1): E_I is decreasing in p, so the cost-minimizer sits at the UPPER price corner, above p_SB; outside P6's stated inelastic domain"
P6 wedge direction,ces,1.5000000000000002,0.7,2.0,0.5,,,"p_cost=10.0000 (UPPER_CORNER), p_SB=2.2825 (AT_KINK), wedge=+7.7175 -> REVERSED",False,"elastic demand (eps0 > 1): E_I is decreasing in p, so the cost-minimizer sits at the UPPER price corner, above p_SB; outside P6's stated inelastic domain"
P6 wedge direction,ces,1.6,0.7,2.0,0.5,,,"p_cost=10.0000 (UPPER_CORNER), p_SB=2.2690 (AT_KINK), wedge=+7.7310 -> REVERSED",False,"elastic demand (eps0 > 1): E_I is decreasing in p, so the cost-minimizer sits at the UPPER price corner, above p_SB; outside P6's stated inelastic domain"
P6 wedge direction,ces,1.7000000000000002,0.7,2.0,0.5,,,"p_cost=10.0000 (UPPER_CORNER), p_SB=2.2555 (AT_KINK), wedge=+7.7445 -> REVERSED",False,"elastic demand (eps0 > 1): E_I is decreasing in p, so the cost-minimizer sits at the UPPER price corner, above p_SB; outside P6's stated inelastic domain"
P6 wedge direction,ces,1.8,0.7,2.0,0.5,,,"p_cost=10.0000 (UPPER_CORNER), p_SB=2.2420 (AT_KINK), wedge=+7.7580 -> REVERSED",False,"elastic demand (eps0 > 1): E_I is decreasing in p, so the cost-minimizer sits at the UPPER price corner, above p_SB; outside P6's stated inelastic domain"
P6 wedge direction,ces,1.9000000000000001,0.7,2.0,0.5,,,"p_cost=10.0000 (UPPER_CORNER), p_SB=6.6655 (INTERIOR_ORIGINATOR), wedge=+3.3345 -> REVERSED",False,"elastic demand (eps0 > 1): E_I is decreasing in p, so the cost-minimizer sits at the UPPER price corner, above p_SB; outside P6's stated inelastic domain"
P6 wedge direction,ces,2.0,0.7,2.0,0.5,,,"p_cost=10.0000 (UPPER_CORNER), p_SB=6.6655 (INTERIOR_ORIGINATOR), wedge=+3.3345 -> REVERSED",False,"elastic demand (eps0 > 1): E_I is decreasing in p, so the cost-minimizer sits at the UPPER price corner, above p_SB; outside P6's stated inelastic domain"
P6 wedge direction,ces,2.1,0.7,2.0,0.5,,,"p_cost=10.0000 (UPPER_CORNER), p_SB=6.6655 (INTERIOR_ORIGINATOR), wedge=+3.3345 -> REVERSED",False,"elastic demand (eps0 > 1): E_I is decreasing in p, so the cost-minimizer sits at the UPPER price corner, above p_SB; outside P6's stated inelastic domain"
P6 wedge direction,ces,2.2,0.7,2.0,0.5,,,"p_cost=10.0000 (UPPER_CORNER), p_SB=6.6655 (INTERIOR_ORIGINATOR), wedge=+3.3345 -> REVERSED",False,"elastic demand (eps0 > 1): E_I is decreasing in p, so the cost-minimizer sits at the UPPER price corner, above p_SB; outside P6's stated inelastic domain"
P6 wedge direction,ces,2.3,0.7,2.0,0.5,,,"p_cost=10.0000 (UPPER_CORNER), p_SB=6.6655 (INTERIOR_ORIGINATOR), wedge=+3.3345 -> REVERSED",False,"elastic demand (eps0 > 1): E_I is decreasing in p, so the cost-minimizer sits at the UPPER price corner, above p_SB; outside P6's stated inelastic domain"
P6 wedge direction,ces,2.4,0.7,2.0,0.5,,,"p_cost=10.0000 (UPPER_CORNER), p_SB=6.6655 (INTERIOR_ORIGINATOR), wedge=+3.3345 -> REVERSED",False,"elastic demand (eps0 > 1): E_I is decreasing in p, so the cost-minimizer sits at the UPPER price corner, above p_SB; outside P6's stated inelastic domain"
P6 wedge direction,ces,2.5,0.7,2.0,0.5,,,"p_cost=10.0000 (UPPER_CORNER), p_SB=6.6655 (INTERIOR_ORIGINATOR), wedge=+3.3345 -> REVERSED",False,"elastic demand (eps0 > 1): E_I is decreasing in p, so the cost-minimizer sits at the UPPER price corner, above p_SB; outside P6's stated inelastic domain"
P6 wedge direction,ces,2.6,0.7,2.0,0.5,,,"p_cost=10.0000 (UPPER_CORNER), p_SB=6.6655 (INTERIOR_ORIGINATOR), wedge=+3.3345 -> REVERSED",False,"elastic demand (eps0 > 1): E_I is decreasing in p, so the cost-minimizer sits at the UPPER price corner, above p_SB; outside P6's stated inelastic domain"
P6 wedge direction,ces,2.7,0.7,2.0,0.5,,,"p_cost=10.0000 (UPPER_CORNER), p_SB=6.6655 (INTERIOR_ORIGINATOR), wedge=+3.3345 -> REVERSED",False,"elastic demand (eps0 > 1): E_I is decreasing in p, so the cost-minimizer sits at the UPPER price corner, above p_SB; outside P6's stated inelastic domain"
P6 wedge direction,ces,2.8,0.7,2.0,0.5,,,"p_cost=10.0000 (UPPER_CORNER), p_SB=6.6655 (INTERIOR_ORIGINATOR), wedge=+3.3345 -> REVERSED",False,"elastic demand (eps0 > 1): E_I is decreasing in p, so the cost-minimizer sits at the UPPER price corner, above p_SB; outside P6's stated inelastic domain"
P6 wedge direction,ces,2.9,0.7,2.0,0.5,,,"p_cost=10.0000 (UPPER_CORNER), p_SB=6.6655 (INTERIOR_ORIGINATOR), wedge=+3.3345 -> REVERSED",False,"elastic demand (eps0 > 1): E_I is decreasing in p, so the cost-minimizer sits at the UPPER price corner, above p_SB; outside P6's stated inelastic domain"
P6 wedge direction,ces,3.0,0.7,2.0,0.5,,,"p_cost=10.0000 (UPPER_CORNER), p_SB=6.6655 (INTERIOR_ORIGINATOR), wedge=+3.3345 -> REVERSED",False,"elastic demand (eps0 > 1): E_I is decreasing in p, so the cost-minimizer sits at the UPPER price corner, above p_SB; outside P6's stated inelastic domain"
P1 expenditure tipping,ces,2.0,0.7,2.0,0.5,,,"dE_I/dp has constant sign (-) on [c_g, P_MAX]",True,unit-elasticity point s=a/(2b) (linear); CES has constant elasticity so no interior tipping
P1 expenditure tipping,linear,,0.7,2.0,0.5,,,"dE_I/dp has constant sign (+) on [c_g, P_MAX]",True,unit-elasticity point s=a/(2b) (linear); CES has constant elasticity so no interior tipping
